type,name,label,importance,hint,required,relevant,appearance,default,constraint,constraint_message,calculation,trigger,choice_filter,parameters,repeat_count,note,audio ,video,media::image,readonly 
note,titre,ÉVALUATION ETABLISSEMENT PHARMACEUTIQUE DE VENTE EN GROS OU CDR,,,,,,,,,,,,,,,,,logo_arccsu.png,
text,nom_evaluateur,Nom complet de l'évaluateur,,,yes,,,,,,,,,,,,,,,
text,tel_evaluateur,Téléphone ,,,yes,,,,"regex(.,'^(([0-9]{1})*[- .(]*([0-9]{3})[- .)]*[0-9]{3}[- .]*[0-9]{4})+$')",,,,,,,,,,,
select_one oui_non,evaluation,L'établissment a-t-il déjà était évaluer ,,,yes,,,,,,,,,,,,,,,
date,date_evaluation,Date de la dernière évaluation,,,,${evaluation} = '1',,,. < today(),,,,,,,,,,,
select_one province,province_etablissement,Province,,,yes,,quick,,,,,,,,,,,,,
select_one ville,ville_etablissement,Ville,,,yes,,quick,,,,,,province=${province_etablissement},,,,,,,
select_one epvg,nom_etablissement,Nom de l'établissement,,,yes,,quick,,,,,,province=${ville_etablissement},,,,,,,
text,ajout_ess,Ajouter l'EPVG,,veuillez saisir  le nom de l'EPVG,true,${nom_etablissement} = 'epvg_autre',,,"regex(., '^[A-Z ]+$')",saisir en majuscule uniquement,,,,,,,,,,
text,adresse_etablissement,Adresse physique,,,yes,,,,,,,,,,,,,,,
select_one forme_jur,forme_juridique,Forme juridique,,,yes,,,,,,,,,,,,,,,
geopoint,GEO_LOCALISATION,GEO LOCALISATION,,,yes,,,,,,,,,,,,,,,
text,tel_etablissement,Téléphone de l'établissement,,,yes,,,,"regex(.,'^(([0-9]{1})*[- .(]*([0-9]{3})[- .)]*[0-9]{3}[- .]*[0-9]{4})+$')",,,,,,,,,,,
text,email_etablissement,Email de l'établissement,,,,,,,"regex(., '\b[A-Za-z0-9._%+-]+@[A-Za-z0-9.-]+\.[A-Za-z]{2,}\b')",,,,,,,,,,,
begin_group,info_proprietaire,Informations du propriétaire,,,,,field-list,,,,,,,,,,,,,
text,nom_proprietaire,Nom complet du propriétaire,,,yes,,,,,,,,,,,,,,,
text,tel_proprietaire,Téléphone du propriétaire,,,yes,,,,"regex(.,'^(([0-9]{1})*[- .(]*([0-9]{3})[- .)]*[0-9]{3}[- .]*[0-9]{4})+$')",,,,,,,,,,,
text,email_proprietaire,Email du propriétaire,,,,,,,"regex(., '\b[A-Za-z0-9._%+-]+@[A-Za-z0-9.-]+\.[A-Za-z]{2,}\b')",,,,,,,,,,,
end_group,,,,,,,,,,,,,,,,,,,,
begin group,group_org,ORGANISATION ET GESTION,,,,,field-list,,,,,,,,,,,,,
begin group,subgroup_I_1,Existence des documents d'ouvertures commerciaux/Asbl,,,,,field-list,,,,,,,,,,,,,
select_one oui_non,introo_I_2,Sélectionner la réponse qui correspond le mieux,,,,,label,,,,,,,,,,,,,
select_one oui_non,q_f25ddf6b,Le RCCM est-il disponible?,,,yes,not(${forme_juridique}='ASBL' or ${forme_juridique}='ONG'),list-nolabel,,,,,,,,,,,,,
select_one oui_non,q_5d65471f,L'IDNAT est-elle disponible,,,yes,not(${forme_juridique}='ASBL' or ${forme_juridique}='ONG'),list-nolabel,,,,,,,,,,,,,
select_one oui_non,q_150b111c,Le Numéro d'impôt existe-t-il?,,,yes,not(${forme_juridique}='ASBL' or ${forme_juridique}='ONG'),list-nolabel,,,,,,,,,,,,,
select_one oui_non,q_3aa06a45,Le N° d'affiliation du CNSS est-il disponible?,,,yes,not(${forme_juridique}='ASBL' or ${forme_juridique}='ONG'),list-nolabel,,,,,,,,,,,,,
select_one oui_non,q_03810344,La lettre d'affiliation à l'INPP est-elle disponible?,,,yes,not(${forme_juridique}='ASBL' or ${forme_juridique}='ONG'),list-nolabel,,,,,,,,,,,,,
select_one oui_non,q_996b56b8,L'Arrété sur la Personnalité Juridique de l'ASBL/ONG est-il disponible?,,,yes,${forme_juridique}='ASBL' or ${forme_juridique}='ONG',list-nolabel,,,,,,,,,,,,,
select_one oui_non,q_8b7525a2,Autorisation d'Ouverture du Ministre de la SPHP ou son delegué,,,yes,,list-nolabel,,,,,,,,,,,,,
calculate,score_organisation_et_gestion,,,,,,,,,,"(
  (
    coalesce(${q_f25ddf6b}, 0) +
    coalesce(${q_5d65471f}, 0) +
    coalesce(${q_150b111c}, 0) +
    coalesce(${q_3aa06a45}, 0) +
    coalesce(${q_03810344}, 0) +
    coalesce(${q_996b56b8}, 0)
  ) * 3
) + (
  coalesce(${q_8b7525a2}, 0) * 5
)",,,,,,,,,
end group,,,,,,,,,,,,,,,,,,,,
text,commentaire_organisation_et_gestion,Commentaire : ORGANISATION ET GESTION,,,,,multiline,,,,,,,,,,,,,
end group,,,,,,,,,,,,,,,,,,,,
begin group,a,1.     ORGANISATION DE L’ETABLISSEMENT,,,,,,,,,,,,,,,,,,
begin group,aa,Dossier d'autorisation d'ouverture,,,,,,,,,,,,,,,,,,
select_one critique,aa1,L'établisssment est-il autorisé?,c,"BPD/RDC 1.01,  OMS 18.01",yes,,,,,,,,,,,,,,,
image,aa2,photo de l'Autorisation d'Ouverture MSPHP,,,yes,${aa1} = '15',,,,,,,,max-pixels=1024,,,,,,
select_one majeur,aa3,L'établissment est -il certifié par l'ACOREP/autre Organisme?,Ma,BPD/RDC 1.01/Art 4 Decret Acorep,yes,,,,,,,,,,,,,,,
text,aa6,Commentaire : ORGANISATION DE L’ETABLISSEMENT,,yes,,,,,,,,,,,,,,,,
end group,,,,,,,,,,,,,,,,,,,,
calculate,a_score,,,,,,,,,,${aa1}+${aa3},,,,,,,,,
calculate,a_pourcentage,,,,,,,,,,((${a_score} div 25 *100)),,,,,,,,,
calculate,a_ponderation,,,,,,,,,,((${a_pourcentage} *0.15)),,,,,,,,,
calculate,a_critique,,,,,,,,,,"if(${aa1}='0', 1, 0) ",,,,,,,,,
calculate,a_majeur,,,,,,,,,,"if(${aa3}='0', 1, 0) ",,,,,,,,,
calculate,a_taux_majeur,,,,,,,,,,((${a_majeur} div 1 *100)),,,,,,,,,
calculate,a_taux_critique,,,,,,,,,,((${a_critique} div 1 *100)),,,,,,,,,
end group,,,,,,,,,,,,,,,,,,,,
begin group,b,2.      SYSTÈME  QUALITE,,,,,,,,,,,,,,,,,,
select_one majeur,b1,Existe-il un manuel qualité signé par le responsable?,ma,"BPD/RDC 1.03,  OMS 5.04",yes,,,,,,,,,,,,,,,
select_one majeur,b2,La politique Qualité est-elle declarée dans le manuel qualité décrivant les intentions et les exigences générales en matière de qualité.?,ma,"BPD/RDC 1.03,  OMS 5.04",yes,,,,,,,,,,,,,,,
select_one majeur,b3,Liste des procédures est-elle disponible?,ma,"BPD/RDC 1.08k,  OMS 17.01",yes,,,,,,,,,,,,,,,
select_one majeur,b4, Existe til la procédure des procedures,ma,"BPD/RDC 7.05,  OMS 17.02",yes,,,,,,,,,,,,,,,
select_one majeur,b5," les procédures sont elles signées? (3 signatures Operationnel, RAQ et le Responsable )",ma,"BPD/RDC 7.05,  OMS 17.08",yes,,,,,,,,,,,,,,,
text,b6,Commentaire : SYSTÈME  QUALITE,,,yes,,,,,,,,,,,,,,,
end group,,,,,,,,,,,,,,,,,,,,
calculate,b_score,,,,,,,,,,${b1}+${b2}+${b3}+${b4}+${b5},,,,,,,,,
calculate,b_pourcentage,,,,,,,,,,((${b_score} div 50 *100)),,,,,,,,,
calculate,b_ponderation,,,,,,,,,,((${b_pourcentage} *0.15)),,,,,,,,,
calculate,b_majeur,,,,,,,,,,"if(${b1}='0', 1, 0) +if(${b2}='0', 1, 0) +if(${b3}='0', 1, 0) +if(${b4}='0', 1, 0) +if(${b5}='0', 1, 0) ",,,,,,,,,
calculate,b_taux_majeur,,,,,,,,,,((${b_majeur} div 5 *100)),,,,,,,,,
begin group,c,3.     PERSONNEL,,,,,,,,,,,,,,,,,,
begin group,ca,Pharmacien Responsable,,,,,,,,,,,,,,,,,,
select_one critique,ca1,Disposez-vous d’un pharmacien Responsable ?,c,BPD/RDC 1.00/Arreté 2000  OM S 5.03,yes,,,,,,,,,,,,,,,
select_one majeur,ca2,Est-il titulaire d’un diplôme ou Tenant Lieu  ?,ma,BPD/RDC 1.00/Arreté 2000  OM S 5.04,yes,${ca1} = '15',,,,,,,,,,,,,,
select_one majeur,ca3,Possede-t-il un Certificat d’exercer ?,ma,BPD/RDC 1.00/Arreté 2000  OM S 5.05,yes,${ca1} = '15',,,,,,,,,,,,,,
select_one majeur,ca4,Est-il inscrit au tableau de l'Ordre?,ma,BPD/RDC 1.00/Arreté 2000  OM S 5.06,yes,${ca1} = '15',,,,,,,,,,,,,,
select_one majeur_na,ca5,Dispose-t-il d’un contrat de travail légalisé ?,ma,BPD/RDC 1.00/Arreté 2000  OM S 5.07,yes,${ca1} = '15',,,,,,,,,,,,,,
text,ca6,Commentaire : Pharmacien Responsable,,,yes,,,,,,,,,,,,,,,
end group,,,,,,,,,,,,,,,,,,,,
calculate,ca_score,,,,,,,,,,"if(${ca1}='15',15, 0)+if(${ca2}='10',10, 0)+if(${ca3}='10',10, 0)+if(${ca4}='10',10, 0)+if(${ca5}='10',10, 0)",,,,,,,,,
calculate,ca_possible,,,,,,,,,,"if(${ca5}='na', 0, 10)+45",,,,,,,,,
calculate,ca_critique,,,,,,,,,,"if(${ca1}='0', 1, 0) ",,,,,,,,,
calculate,ca_majeur,,,,,,,,,,"if(${ca2}='0' or ${ca2}='', 1, 0)+if(${ca3}='0' or ${ca3}='', 1, 0)+if(${ca4}='0' or ${ca4}='', 1, 0)+if(${ca5}='0' or ${ca5}='', 1, 0)",,,,,,,,,
begin group,cb,Pharmacien chargé Assurance Qualité,,,,,,,,,,,,,,,,,,
select_one critique,cb1,Disposez-vous d’un personnel qualifié chargé de l’assurance qualité ?,c,"BPD/RDC 1.04,  OMS: 16.03",yes,,,,,,,,,,,,,,,
select_one majeur,cb2,Est-il titulaire d’un diplôme ou Tenant Lieu  ?,ma,"BPD/RDC 2.05,  ",yes,${cb1} = '15',,,,,,,,,,,,,,
select_one majeur_na,cb3,Est-il inscrit au tableau de l'Ordre?,ma,"BPD/RDC 2.05,  ",yes,${cb1} = '15',,,,,,,,,,,,,,
select_one majeur_na,cb4,Possede-t-il un Certificat d’exercer ?,ma,"BPD/RDC 2.05,  ",yes,${cb1} = '15',,,,,,,,,,,,,,
select_one majeur,cb5,Dispose-t-il d’un contrat de travail légalisé ?,ma,"BPD/RDC 2.03,  ",yes,${cb1} = '15',,,,,,,,,,,,,,
text,cb6,Commentaire : Pharmacien chargé Assurance Qualité,,,yes,,,,,,,,,,,,,,,
end group,,,,,,,,,,,,,,,,,,,,
calculate,cb_score,,,,,,,,,,"if(${cb1}='15',15, 0)+if(${cb2}='10',10, 0)+if(${cb3}='10',10, 0)+if(${cb4}='10',10, 0)+if(${cb5}='10',10, 0)",,,,,,,,,
calculate,cb_possible,,,,,,,,,,"if(${cb3}='na', 0, 10)+if(${cb4}='na', 0, 10)+35",,,,,,,,,
calculate,cb_critique,,,,,,,,,,"if(${cb1}='0', 1, 0) ",,,,,,,,,
calculate,cb_majeur,,,,,,,,,,"if(${cb2}='0' or ${cb2}='', 1, 0)+if(${cb3}='0' or ${cb3}='', 1, 0)+if(${cb4}='0' or ${cb4}='', 1, 0)+if(${cb5}='0' or ${cb5}='', 1, 0)",,,,,,,,,
begin group,cc,Assistant(s) en Pharmacie,,,,,,,,,,,,,,,,,,
select_one majeur,cc1,Disposez-vous d’un ou de plusieurs assistants/techniciens en pharmacie ??,ma,"BPD/RDC 2.06,  OM S 5.03",yes,,,,,,,,,,,,,,,
select_one majeur,cc2,Est-il / sont-ils titulaires du ou des diplôme(s) requis ?,ma,"BPD/RDC 2.05,  ",yes,${cc1} = '10',,,,,,,,,,,,,,
select_one majeur,cc3,Dispose-t-il / disposent-ils de la ou des carte(s) verte(s) ?,ma,"BPD/RDC 2.05,  ",yes,${cc1} = '10',,,,,,,,,,,,,,
select_one majeur,cc4,Dispose-t-il / disposent-ils du ou des contrat(s) de travail dûment légalisé(s) ?,ma,"BPD/RDC 2.03,  ",yes,${cc1} = '10',,,,,,,,,,,,,,
text,cc5,Commentaire : Assistant(s) en Pharmacie,,,yes,,,,,,,,,,,,,,,
end group,,,,,,,,,,,,,,,,,,,,
calculate,cc_score,,,,,,,,,,"${cc1}+if(${cc2}='10',10, 0)+if(${cc3}='10',10, 0)+if(${cc4}='10',10, 0)",,,,,,,,,
calculate,cc_majeur,,,,,,,,,,"if(${cc1}='0' or ${cc1}='', 1, 0)+if(${cc2}='0' or ${cc2}='', 1, 0)+if(${cc3}='0' or ${cc3}='', 1, 0)+if(${cc4}='0' or ${cc4}='', 1, 0)",,,,,,,,,
begin group,cd,Autre personnel,,,,,,,,,,,,,,,,,,
select_one mineur,cd1,L’effectif du personnel est-il suffisant au regard des activités exercées ? (Voir la liste),mi,"BPD/RDC 2.08,  OM S 16.01",yes,,,,,,,,,,,,,,,
text,cd2,Commentaire : Personnel,,,yes,,,,,,,,,,,,,,,
end group,,,,,,,,,,,,,,,,,,,,
calculate,cd_score,,,,,,,,,,${cd1},,,,,,,,,
calculate,cd_mineur,,,,,,,,,,"if(${cd1}='0' or ${cd1}='', 1, 0)",,,,,,,,,
begin group,ce,Organigramme ,,,,,,,,,,,,,,,,,,
select_one majeur,ce1,Existe-t-il un organigramme  ?,ma,"BPD/RDC 2.02,  OM S 5.05",yes,,,,,,,,,,,,,,,
select_one majeur,ce2,"L’organigramme est-il signé, daté, et affiché ?",ma,"BPD/RDC 2.02,  OM S 5.05",yes,${ce1} = '10',,,,,,,,,,,,,,
select_one majeur,ce3,Est-il fonctionnel ?,ma,"BPD/RDC 7.03,  OM S 5.05",yes,${ce1} = '10',,,,,,,,,,,,,,
text,ce4,Commentaire : Organigramme,,,yes,,,,,,,,,,,,,,,
end group,,,,,,,,,,,,,,,,,,,,
calculate,ce_score,,,,,,,,,,"${ce1}+if(${ce2}='10',10, 0)+if(${ce3}='10',10, 0)",,,,,,,,,
calculate,ce_majeur,,,,,,,,,,"if(${ce1}='0' or ${ce1}='', 1, 0)+if(${ce2}='0' or ${ce2}='', 1, 0)+if(${ce3}='0' or ${ce3}='', 1, 0)",,,,,,,,,
begin group,cf,Job description,,,,,,,,,,,,,,,,,,
select_one majeur,cf1,Existe-t-il une description de fonctions pour chaque poste clé ?,ma,"BPD/RDC 2.03,2.07,  OM S 5.06",yes,,,,,,,,,,,,,,,
select_one majeur,cf2,Les fiches de poste (job descriptions) sont-elles claires et sans chevauchement ?,ma,"BPD/RDC 1.07, 2.04,  OM S 5.06",yes,,,,,,,,,,,,,,,
select_one majeur,cf3,Est-il signé par le responsable de l’établissement et le concerné ?,ma,"BPD/RDC 1.07, 2.04,  OM S 5.06",yes,,,,,,,,,,,,,,,
text,cf4,Commentaire : Job description,,,yes,,,,,,,,,,,,,,,
end group,,,,,,,,,,,,,,,,,,,,
calculate,cf_score,,,,,,,,,,${cf1}+${cf2}+${cf3},,,,,,,,,
calculate,cf_majeur,,,,,,,,,,"if(${cf1}='0', 1, 0) +if(${cf2}='0', 1, 0) +if(${cf3}='0', 1, 0) ",,,,,,,,,
begin group,cg,Formation du personnel,,,,,,,,,,,,,,,,,,
select_one majeur,cg1,Existe-t-il la procédure de formation?,Ma ,"BPD/RDC 2.09, 2.17,  OM S 16.07",yes,,,,,,,,,,,,,,,
select_one mineur,cg2,Est elle respectée?,Mi,"BPD/RDC 2.13. 2.18,  OM S 16.09",yes,,,,,,,,,,,,,,,
select_one majeur ,cg3,Existe-t-il Un programme annuel de formation ( à l’embauche et en continu)?,Ma,"BPD/RDC 2.19,  OM S 16.10",yes,,,,,,,,,,,,,,,
select_one mineur ,cg4,Ce programme est il respecté?,Mi,"BPD/RDC 2.20,  OM S 16.08",yes,,,,,,,,,,,,,,,
select_one majeur,cg5,Les formations sont elles enregistré? (registre et rapport de formation),Ma,"BPD/RDC 2.19,  OM S 16.10",yes,,,,,,,,,,,,,,,
select_one mineur ,cg6,les formations sont elles evaluées?,Mi,BPD/RDC 2.16,yes,,,,,,,,,,,,,,,
select_one majeur_na,cg7,"Le personnel manipulant des produits dangereux (stupéfiants, produits toxiques, inflammables ou sensibles) a-t-il bénéficié d’une formation spécifique ?",Ma ,"BPD/RDC 2.20, OM S 16.08",yes,,,,,,,,,,,,,,,
select_one majeur,cg8,Les formations initilales à l'embauche et continue mettent elles un accent particulier aux BPDs et concernent t'elle tout le personnel?,Ma ,"BPD/RDC 2.09; 2.10, OM S 16.10",yes,,,,,,,,,,,,,,,
text,cg9,commentaire : Formation du personnel,,,yes,,,,,,,,,,,,,,,
end group,,,,,,,,,,,,,,,,,,,,
calculate,cg_score,,,,,,,,,,"${cg1}+${cg2}+${cg3}+${cg4}+${cg5}+${cg6}+if(${cg7}='10',10, 0)+${cg8}",,,,,,,,,
calculate,cg_possible,,,,,,,,,,"if(${cg7}='na', 0, 10)+55",,,,,,,,,
calculate,cg_majeur,,,,,,,,,,"if(${cg1}='0', 1, 0) + if(${cg3}='0', 1, 0) + if(${cg5}='0', 1, 0) + if(${cg7}='0', 1, 0) + if(${cg8}='0', 1, 0)",,,,,,,,,
calculate,cg_mineur,,,,,,,,,,"if(${cg2}='0', 1, 0) +if(${cg4}='0', 1, 0) +if(${cg6}='0', 1, 0) ",,,,,,,,,
begin group,ch, Hygiène du personnel,,,,,,,,,,,,,,,,,,
select_one majeur,ch1,Existe-t-il des procédures d’hygiène du personnel ?,Ma,"BPD/RDC 2.21,  OM S 16.12",yes,,,,,,,,,,,,,,,
select_one majeur,ch2,Est elle respectée?,Ma,"BPD/RDC 2.21,  OM S 16.12",yes,,,,,,,,,,,,,,,
select_one majeur,ch3,Le personnel porte-t-il des tenues appropriées et conformes aux exigences d’hygiène  ?,Ma,"BPD/RDC 2.23,  OM S 16.11",yes,,,,,,,,,,,,,,,
select_one majeur,ch4,"les instruction d'hygiènes sont elle affichés?La mention « Interdiction de manger, de boire et de fumer » est-elle affichée dans toutes les zones où des produits médicaux sont stockés ou manipulés ?",Ma,"BPD/RDC 2.22,  OM S 12.09",yes,,,,,,,,,,,,,,,
select_one majeur,ch5,"Existe-t-il une procédure encadrant le personnel (employé, sous traitant, personnel intérimaire et autre personne) ayant accès aux produits médicaux, afin de minimiser les risques que ces produits pharmaceutiques viennent à etre detenu par des personnes non autorisés ?",Ma,"BPD/RDC 2.24,  OM S 16.13",yes,,,,,,,,,,,,,,,
text,ch6,Commentaire : Hygiène du personnel,,,yes,,,,,,,,,,,,,,,
end group,,,,,,,,,,,,,,,,,,,,
calculate,ch_score,,,,,,,,,,${ch1}+${ch2}+${ch3}+${ch4}+${ch5},,,,,,,,,
calculate,ch_majeur,,,,,,,,,,"if(${ch1}='0', 1, 0) +if(${ch2}='0', 1, 0) +if(${ch3}='0', 1, 0) +if(${ch4}='0', 1, 0)+if(${ch5}='0', 1, 0) ",,,,,,,,,
end group,,,,,,,,,,,,,,,,,,,,
calculate,c_score,,,,,,,,,,${ca_score}+${cb_score}+${cc_score}+${cd_score}+${ce_score}+${cf_score}+${cg_score}+${ch_score},,,,,,,,,
calculate,c_possible,,,,,,,,,,${ca_possible}+${cb_possible}+${cg_possible}+155,,,,,,,,,
calculate,c_pourcentage,,,,,,,,,,"if(${c_possible} > 0, round((${c_score} div ${c_possible}) * 100, 2), 0)",,,,,,,,,
calculate,c_ponderation,,,,,,,,,,((${c_pourcentage} *0.15)),,,,,,,,,
calculate,c_critique,,,,,,,,,,${ca_critique}+${cb_critique},,,,,,,,,
calculate,c_majeur,,,,,,,,,,${ca_majeur}+${cb_majeur}+${cc_majeur}+${ce_majeur}+${cf_majeur}+${cg_majeur}+${ch_majeur},,,,,,,,,
calculate,c_mineur ,,,,,,,,,,${cd_mineur}+${cg_mineur},,,,,,,,,
calculate,c_taux_mineur,,,,,,,,,,((${c_mineur} div 4 *100)),,,,,,,,,
calculate,c_taux_majeur,,,,,,,,,,((${c_majeur} div 28 *100)),,,,,,,,,
calculate,c_taux_critique,,,,,,,,,,((${c_critique} div 2 *100)),,,,,,,,,
begin group,d,4.    DOCUMENTATION,,,,,,,,,,,,,,,,,,
begin group,da,Commande-Importation,,,,,,,,,,,,,,,,,,
select_one remarque,da1,L’établissement dispose-t-il d’une liste à jour des fournisseurs  des produits commercialisés ?,Re,"BPD/RDC 4.02,  OM S 17.01",yes,,,,,,,,,,,,,,,
select_one remarque_na,da2, L’établissement procède-t-il à l’importation de médicaments ?,Re,"BPD/RDC 4.03,  OMS 18.01",yes,,,,,,,,,,,,,,,
select_one critique_na,da3, Disposez-vous d' une dérogation des médicaments interdits à l' importation  ?,C,,yes,,,,,,,,,,,,,,,
select_one critique,da4,les médicaments distribués ont-ils des AMM valide ? (10 produits au hasard),C,"BPD/RDC 4.01,  OM S 17.01",,,,,,,,,,,,,,,,
select_one critique,da5,Disposez-vous des copies des certificats d’analyse du fabricant pour chaque lot fourni par vos fournisseurs ?,C,"BPD/RDC 4.04,  OMS 12.10",yes,,,,,,,,,,,,,,,
select_one critique,da6,Existe-t-il des licences  d’importation valides pour les psychotropes importés par l’établissement ?,C,"BPD/RDC 4.03,  OM S 17.01",yes,,,,,,,,,,,,,,,
select_one majeur,da7,L’établissement dispose-t-il d’une procédure écrite relative à la commande des médicaments,MA,"BPD/RDC 4.01,  OM S 18.03",yes,,,,,,,,,,,,,,,
select_one mineur,da8,Les documents sont-ils  facilement disponibles et accessibles? (archivages),Mi,"BPD/RDC 7.10,  OM S 17.01",yes,,,,,,,,,,,,,,,
text,da9,Commentaire : Commande-Importation,,,yes,,,,,,,,,,,,,,,
end group,,,,,,,,,,,,,,,,,,,,
calculate,da_score,,,,,,,,,,"${da1}+if(${da2}='1',1, 0)+if(${da3}='15',15, 0)+${da4}+${da5}+${da6}+${da7}+${da8}",,,,,,,,,
calculate,da_possible,,,,,,,,,,"if(${da2}='na', 0, 1)+if(${da3}='na', 0, 15)+61",,,,,,,,,
calculate,da_majeur,,,,,,,,,,"if(${da7}='0', 1, 0) ",,,,,,,,,
calculate,da_mineur,,,,,,,,,,"if(${da8}='0', 1, 0) ",,,,,,,,,
calculate,da_critique,,,,,,,,,,"if(${da3}='0', 1, 0) +if(${da4}='0', 1, 0) +if(${da5}='0', 1, 0) +if(${da6}='0', 1, 0) ",,,,,,,,,
calculate,da_remarque,,,,,,,,,,"if(${da1}='0', 1, 0) +if(${da2}='0', 1, 0)",,,,,,,,,
begin group,db,Réception médicaments,,,,,,,,,,,,,,,,,,
select_one majeur,db1,Existe-t-il une procédure de réception des produits lors de leur arrivée ?,Ma,"BPD/RDC 7.02,  OMS 12,06",yes,,,,,,,,,,,,,,,
select_one critique_na,db2,"Est -il possible de verifier les elements suivants :  Bon de commande , facture d'achat,liste de collisage et verifiez la confirmité d' étiquetage, Numero de lot , quantité, peremption ) dernière réception ",C,"BPD/RDC 4.05,  OMS 12.10",yes,,,,,,,,,,,,,,,
select_one mineur_na,db3,Les prélèvements de produits médicaux sont-ils effectués dans le strict respect des plans d’échantillonnage écrits et des instructions d’échantillonnage établies pour l’analyse ?,Mi,"BPD/RDC 4.01,  OMS 12.11",yes,,,,,,,,,,,,,,,
select_one critique_na,db4,"Après le prélèvement, les produits médicaux sont-ils placés en quarantaine et maintenus sous ce statut jusqu’à la décision du service Assurance Qualité / Laboratoire ?",C,"BPD/RDC 3.10,  OMS 12.15",yes,,,,,,,,,,,,,,,
text,db5,Commentaire : Réception médicaments,,,yes,,,,,,,,,,,,,,,
end group,,,,,,,,,,,,,,,,,,,,
calculate,db_score,,,,,,,,,,"${db1}+if(${db2}='15',15, 0)+if(${db3}='5',5, 0)+if(${db4}='15',15, 0)",,,,,,,,,
calculate,db_possible,,,,,,,,,,"if(${db2}='na', 0, 15)+if(${db3}='na', 0, 5)+if(${db4}='na', 0, 15)+10",,,,,,,,,
calculate,db_majeur,,,,,,,,,,"if(${db1}='0', 1, 0) ",,,,,,,,,
calculate,db_mineur,,,,,,,,,,"if(${db3}='0', 1, 0) ",,,,,,,,,
calculate,db_critique,,,,,,,,,,"if(${db2}='0', 1, 0) +if(${db4}='0', 1, 0) ",,,,,,,,,
begin group,dc, Activités externalisées,,,,,,,,,,,,,,,,,,
select_one majeur_na,dc1,Avez-vous un contrat de sous-traitance de transport ?,Ma,"BPD/RDC 1.08, 7.14, 7.15,  OMS 19.01",yes,,,,,,,,,,,,,,,
select_one majeur_na,dc2,Avez-vous un contrat de sous-traitance de livraison  ?,Ma,"BPD/RDC 1.08, 7.14, 7.15,  OMS 19.01",yes,,,,,,,,,,,,,,,
select_one majeur_na,dc3,Avez-vous un contrat de sous-traitance pour l'entretien des Équipements?,Ma,"BPD/RDC 1.08, 7.14, 7.15,  OMS 19.01",yes,,,,,,,,,,,,,,,
select_one majeur_na,dc4,Avez-vous un contrat de sous-traitance de lutte contre les  nuisibles,Ma,"BPD/RDC 1.08, 7.14, 7.15,  OMS 19.01",yes,,,,,,,,,,,,,,,
select_one majeur,dc5,Existe-t-il un contrat de prise en charge sanitaire  du personnel ?,Ma,"BPD/RDC 1.08, 7.14, 7.15,  OMS 19.01",yes,,,,,,,,,,,,,,,
select_one majeur_na,dc6,Existe-t-il un contrat de sous-traitance  pour l’élimination des déchets ?,Ma,"BPD/RDC 1.08, 7.14, 7.15,  OMS 19.01",yes,,,,,,,,,,,,,,,
select_one critique_na,dc7,Une évaluation préalable des sous-traitants est-elle réalisée avant la signature du contrat ?,C,"BPD/RDC 7.14,  OMS 19.03",yes,,,,,,,,,,,,,,,
text,dc8,Commentaire :  Activités externalisées ,,,yes,,,,,,,,,,,,,,,
end group,,,,,,,,,,,,,,,,,,,,
calculate,dc_score,,,,,,,,,,"if(${dc1}='10',10, 0)+if(${dc2}='10',10, 0)+if(${dc3}='10',10, 0)+if(${dc4}='10',10, 0)+${dc5}+if(${dc6}='10',10, 0)+if(${dc7}='15',15, 0)",,,,,,,,,
calculate,dc_possible,,,,,,,,,,"if(${dc1}='na', 0, 10)+if(${dc2}='na', 0,10)+if(${dc3}='na', 0, 10)+if(${dc4}='na', 0, 10)+10+if(${dc6}='na', 0, 10)+if(${dc7}='na', 0, 15)",,,,,,,,,
calculate,dc_critique,,,,,,,,,,"if(${dc7}='0', 1, 0) ",,,,,,,,,
calculate,dc_majeur,,,,,,,,,,"if(${dc1}='0', 1, 0) +if(${dc2}='0', 1, 0) +if(${dc3}='0', 1, 0) +if(${dc4}='0', 1, 0) +if(${dc5}='0', 1, 0) +if(${dc6}='0', 1, 0) ",,,,,,,,,
begin group,de,Inventaire,,,,,,,,,,,,,,,,,,
select_one majeur,de1,Disposez-vous d’une procédure documentée pour la tenue de l’inventaire ?,Ma,"BPD/RDC 4.14,  OMS 18.03",yes,,,,,,,,,,,,,,,
select_one mineur,de2,Le respect de la périodicité des inventaires est-il assuré ?,Mi,"BPD/RDC 4.14,  OMS 13.01",yes,,,,,,,,,,,,,,,
select_one majeur,de3,Les numéros de lots sont-ils pris en compte lors des inventaires ?,Ma,"BPD/RDC 4.14,  OMS 17.10",yes,,,,,,,,,,,,,,,
select_one majeur,de4,Disposez-vous du rapport du dernier inventaire réalisé ainsi que du plan d’actions correctives et préventives (CAPA) associé ?,Ma,"BPD/RDC 4.14,  OMS 13.02",yes,,,,,,,,,,,,,,,
select_one remarque,de5,Disposez-vous d’une évaluation actualisée de la valeur du stock de médicaments ?,Re,"BPD/RDC 4.14,  OMS 13.01",yes,,,,,,,,,,,,,,,
text,de6,Commentaire : Inventaire,,,yes,,,,,,,,,,,,,,,
end group,,,,,,,,,,,,,,,,,,,,
calculate,de_score,,,,,,,,,,${de1}+${de2}+${de3}+${de4}+${de5},,,,,,,,,
calculate,de_majeur,,,,,,,,,,"if(${de1}='0', 1, 0) +if(${de3}='0', 1, 0) +if(${de4}='0', 1, 0) ",,,,,,,,,
calculate,de_mineur,,,,,,,,,,"if(${de2}='0', 1, 0) ",,,,,,,,,
calculate,de_remarque,,,,,,,,,,"if(${de5}='0', 1, 0) ",,,,,,,,,
end group,,,,,,,,,,,,,,,,,,,,
calculate,d_score,,,,,,,,,,${da_score}+${db_score}+${dc_score}+${de_score},,,,,,,,,
calculate,d_possible,,,,,,,,,,${da_possible}+${db_possible}+${dc_possible}+36,,,,,,,,,
calculate,d_pourcentage,,,,,,,,,,"if(${d_possible} > 0, round((${d_score} div ${d_possible}) * 100, 2), 0)",,,,,,,,,
calculate,d_ponderation,,,,,,,,,,((${d_pourcentage} *0.07)),,,,,,,,,
calculate,d_critique,,,,,,,,,,${da_critique}+${db_critique}+${dc_critique},,,,,,,,,
calculate,d_majeur,,,,,,,,,,${da_majeur}+${db_majeur}+${dc_majeur}+${de_majeur},,,,,,,,,
calculate,d_mineur ,,,,,,,,,,${da_mineur}+${db_mineur}+${de_mineur},,,,,,,,,
calculate,d_remarque,,,,,,,,,,${da_remarque}+${de_remarque},,,,,,,,,
calculate,d_taux_remarque,,,,,,,,,,((${d_remarque} div 3 *100)),,,,,,,,,
calculate,d_taux_mineur,,,,,,,,,,((${d_mineur} div 3 *100)),,,,,,,,,
calculate,d_taux_majeur,,,,,,,,,,((${d_majeur} div 11 *100)),,,,,,,,,
calculate,d_taux_critique,,,,,,,,,,((${d_critique} div 7 *100)),,,,,,,,,
begin group,e,5. BATIMENTS LOCAUX ET APPAREILLAGE,,,,,,,,,,,,,,,,,,
begin group,ea,Locaux,,,,,,,,,,,,,,,,,,
select_one majeur,ea1,"Le bâtiment est-il construit en materiaux durable, plafonné,electrifié superficie d'au moins 150 metres carré et le nombre au moins 5 pieces? ",ma,"BPD/RDC 3.01( an.Ar.Min /2000 annexe 2,  OMS 12.01",yes,,,,,,,,,,,,,,,
image,ea2,Image Bâtiments,,Prendre une image claire et dans un bon angle,yes,,,,,,,,,max-pixels=1024,,,,,,
select_one majeur,ea3, Un plan des locaux (croquis interne) est-il disponible ?,ma,"BPD/RDC 3.02,  OMS 12.01",yes,,,,,,,,,,,,,,,
select_one majeur,ea4,L’agencement des locaux est-il logique et adapté aux activités réalisées ?,ma,"BPD/RDC 3.02( an.Ar.Min /2000,  OMS 12.04",yes,,,,,,,,,,,,,,,
select_one mineur,ea5,Le bureau du pharmacien est-il suffisamment spacieux (≥ 9 m²) ?,mi,"BPD/RDC 3.01( Annexe 2 Ar.Min 2000),  OMS 12.02",yes,,,,,,,,,,,,,,,
select_one majeur,ea6,"Les murs sont-ils en bon état, propres et bien entretenus ?",ma,"BPD/RDC 3.01( Ar.Min 2000),  OMS 12.07",yes,,,,,,,,,,,,,,,
select_one majeur,ea7,"Le pavement (sol) est-il en bon état, propre et bien entretenu ?",ma,"BPD/RDC 3.01,  OMS 12.07",yes,,,,,,,,,,,,,,,
select_one majeur,ea8,L’état du plafond est-il satisfaisant ?,ma,"BPD/RDC 3.01( Ar.Min 2000),  OMS 12.07",yes,,,,,,,,,,,,,,,
image,ea9,image plafond,,Prendre une image claire et dans un bon angle,yes,,,,,,,,,max-pixels=1024,,,,,,
select_one majeur_na,ea10, Les produits inflammables sont-ils stockés dans un local spécifiquement dédié et sécurisé ?,ma,"BPD/RDC 3.14,  OMS 12.04",yes,,,,,,,,,,,,,,,
select_one majeur,ea11,Les zones de réception et d’expédition sont-elles physiquement séparées afin d’éviter tout mélange de produits ?,ma,"BPD/RDC 3.05,  OMS 12.06",yes,,,,,,,,,,,,,,,
select_one majeur,ea12,Existe-t-il une zone de quarantaine  non loin de la zone de reception  clairement identifiée et séparée des zones de stockage utilisables ?,ma,"BPD/RDC 3.10,  OMS 12.15",yes,,,,,,,,,,,,,,,
image,ea13,Image zone de quarantaine ,,Prendre une image claire et dans un bon angle,yes,,,,,,,,,max-pixels=1024,,,,,,
select_one majeur,ea14,Une zone de rebuts est-elle disponible et clairement identifiée ?,ma,"BPD/RDC 3.26,  OMS 20.03",yes,,,,,,,,,,,,,,,
image,ea15,Image Zone de rebuts,,Prendre une image claire et dans un bon angle,yes,,,,,,,,,max-pixels=1024,,,,,,
select_one majeur,ea16, Existe-t-il une séparation claire entre les flux du personnel et ceux des produits ?,ma,"BPD/RDC  3.23,  OMS 12.01",yes,,,,,,,,,,,,,,,
text,ea17,Commentaire : locaux,,,yes,,,,,,,,,,,,,,,
end group,,,,,,,,,,,,,,,,,,,,
calculate,ea_score,,,,,,,,,,"${ea1}+${ea3}+${ea4}+${ea5}+${ea6}+${ea7}+${ea8}+if(${ea10}='10',10, 0)+${ea11}+${ea12}+${ea14}+${ea16}",,,,,,,,,
calculate,ea_possible,,,,,,,,,,"if(${ea10}='na', 0, 10)+105",,,,,,,,,
calculate,ea_mineur,,,,,,,,,,"if(${ea5}='0', 1, 0) ",,,,,,,,,
calculate,ea_majeur,,,,,,,,,,"if(${ea1}='0', 1, 0) +if(${ea3}='0', 1, 0) +if(${ea4}='0', 1, 0)+if(${ea6}='0', 1, 0) +if(${ea7}='0', 1, 0) +if(${ea8}='0', 1, 0) +if(${ea10}='0', 1, 0) +if(${ea11}='0', 1, 0) +if(${ea12}='0', 1, 0) +if(${ea14}='0', 1, 0) +if(${ea16}='0', 1, 0) ",,,,,,,,,
begin group,eb, Zones annexes,,,,,,,,,,,,,,,,,,
select_one majeur,eb1,"Le quai de déchargement permet-il une réception sécurisée des produits, à l’abri des intempéries et conforme aux bonnes pratiques ?",ma,"BPD/RDC 3.08, 4.24,  OMS 12.05",yes,,,,,,,,,,,,,,,
image,img_quai,Image : quai de déchargement,,Prendre une image claire et dans un bon angle,yes,,,,,,,,,max-pixels=1024,,,,,,
select_one mineur,eb2,Un SAS d’entrée (SAS-in) est-il disponible ?,mi,"BPD/RDC 3.08,  OMS 12.05",yes,,,,,,,,,,,,,,,
select_one majeur,eb3,La  cantine ou cafétéria et salle de reunion sont-elles séparées des zones où les produits médicaux sont manipulés ou stockés ?,ma,"BPD/RDC 3.07,  OMS 12.09",yes,,,,,,,,,,,,,,,
image,img_cantine,Image : Cantine ou cafétaria ,,Prendre une image claire et dans un bon angle,yes,,,,,,,,,max-pixels=1024,,,,,,
select_one mineur,eb4,Une salle d’administration est-elle disponible ?,mi,"BPD/RDC 3.07,  OMS 12.01",yes,,,,,,,,,,,,,,,
image,img_salle_admin,Image : salle d'administration,,Prendre une image claire et dans un bon angle,yes,,,,,,,,,max-pixels=1024,,,,,,
select_one majeur,eb5,Des vestiaires sont-ils disponibles? dans un état de propreté ? ,ma,"BPD/RDC 3.07, 3.28,  OMS 12.01",yes,,,,,,,,,,,,,,,
image,img_vestiaires,Image : vestiaires,,Prendre une image claire et dans un bon angle,yes,,,,,,,,,max-pixels=1024,,,,,,
select_one majeur,eb6,"Les installations sanitaires sont-elles maintenues dans un état de propreté satisfaisant( eclairées, aération,l'eau qui coule et présence du savon et PH) ?",ma,"BPD/RDC 3.07, 3.12, 3.28,  OMS 12,09",yes,,,,,,,,,,,,,,,
image,img_installation,Image instalations sanitaires ,,Prendre une image claire et dans un bon angle,yes,,,,,,,,,max-pixels=1024,,,,,,
text,eb7,Commentaire :  Zones annexes,,,yes,,,,,,,,,,,,,,,
end group,,,,,,,,,,,,,,,,,,,,
calculate,eb_score,,,,,,,,,,${eb1}+${eb2}+${eb3}+${eb4}+${eb5}+${eb6},,,,,,,,,
calculate,eb_mineur,,,,,,,,,,"if(${eb2}='0', 1, 0) +if(${eb4}='0', 1, 0)",,,,,,,,,
calculate,eb_majeur,,,,,,,,,,"if(${eb1}='0', 1, 0) +if(${eb3}='0', 1, 0) +if(${eb5}='0', 1, 0)+if(${eb6}='0', 1, 0) ",,,,,,,,,
begin group,ec,Stockage,,,,,,,,,,,,,,,,,,
select_one majeur,ec1,Disposez-vous d’une procédure de stockage ?,ma,"BPD/RDC 3.12,  OMS 18.39",yes,,,,,,,,,,,,,,,
select_one majeur,ec2,Disposez-vous d’une procédure de contrôle pour eviter la contamination et/ou les mélanges pendant le stockage ?,ma,"BPD/RDC 4.07,  OMS 18.10",yes,,,,,,,,,,,,,,,
select_one majeur,ec3,Les produits pharmaceutiques sont-ils classés et gérés conformément aux principes FIFO et/ou FEFO ?,ma,"BPD/RDC 4.13,  OMS 12.30",yes,,,,,,,,,,,,,,,
select_one majeur,ec4,Les zones de stockage ont-elles une capacité suffisante (pour la CDR 1350 Pour le stockage et 1500 metre carré pour toute la CDR )pour permettre un stockage ordonné des différentes catégories de produits médicaux ?,ma,"BPD/RDC 3.01, 3.11,  OMS 12.20",yes,,,,,,,,,,,,,,,
select_one majeur,ec5,Respectez-vous les instructions et les informations  de conservation mentionnées sur l' étiquetage  fournies par les fabricants?.,ma,"BPD/RDC 3.15,  OMS 12.34",yes,,,,,,,,,,,,,,,
select_one majeur,ec6,Les locaux d'entreposage  des produits  de santé sont-ils propres ?,ma,"BPD/RDC 3.01, 3.11,  OMS 12.21",yes,,,,,,,,,,,,,,,
image,ec7,Image Locaux d'entreposage,,Prendre une image claire et dans un bon angle,yes,,,,,,,,,max-pixels=1024,,,,,,
select_one mineur,ec8,Les étagères et armoires sont-elles disponibles ?,mi,"BPD/RDC 3.06,  OMS 12.23",yes,,,,,,,,,,,,,,,
select_one majeur,ec9,"La propreté des étagères est-elle assurée, sans accumulation de poussière ?",ma,"BPD/RDC 4.07,  OMS 12.23",yes,,,,,,,,,,,,,,,
select_one mineur,ec10,L étagères sont-elles non encombrées et bien ordonnées?,mi,"BPD/RDC 3.06,  OMS 12.23",yes,,,,,,,,,,,,,,,
image,ec11,Image étagères,,Prendre une image claire et dans un bon angle,yes,,,,,,,,,max-pixels=1024,,,,,,
select_one majeur,ec12,Les palettes -elles disponibles en nombre suffisant ?,ma,"BPD/RDC 4.10,  OMS 12.23",yes,,,,,,,,,,,,,,,
select_one majeur,ec13,Les palettes sont-elles conformes et conçues de manière à permettre un nettoyage facile ?,ma,"BPD/RDC 4.10,  OMS 12.23",yes,,,,,,,,,,,,,,,
select_one majeur,ec14,"Les produits sont-ils tous stockés  hors sol ? (Si non, lesquels ?)",ma,"BPD/RDC 4.10,  OMS 12.23",yes,,,,,,,,,,,,,,,
image,ec15,Image stockages produits,,Prendre une image claire et dans un bon angle,yes,,,,,,,,,max-pixels=1024,,,,,,
select_one majeur,ec16,"Les produits sont-ils entreposés  à distance des murs?  (Si non, lesquels ?)",ma,"BPD/RDC 3.11,  OMS 12.23",yes,,,,,,,,,,,,,,,
select_one majeur,ec17,"Le stockage des produits jusqu’au plafond est-il évité ?(si non, lesquels)",ma,"BPD/RDC 3.11,  OMS 12.23",yes,,,,,,,,,,,,,,,
select_one critique,ec18,"Les produits pharmaceutiques périmés, altérés ou endommagés sont-ils systématiquement retirés des rayons? (si non , lesquels)",c,"BPD/RDC 3.27, 4.11, 5.03,  OMS 18.32",yes,,,,,,,,,,,,,,,
select_one critique,ec19,"Les produits pharmaceutiques thermolabiles sont-ils exclusivement stockés dans des conditions de température contrôlée, hors des rayons ? (si non, lesquels)",c,"BPD/RDC 4.08,  OMS 18.08",yes,,,,,,,,,,,,,,,
select_one majeur,ec20,Garantissez-vous qu’aucun médicament en stock ne présente une date de péremption proche (inférieure à six mois) ?,ma,"BPD/RDC 5.03,  OMS 13.04",yes,,,,,,,,,,,,,,,
select_one majeur,ec21,les mesures de lutte contre le  nuisibles sont-elles mises en place (trelli et autres) ?,ma,"BPD/RDC 3.12,  OMS 12.08",yes,,,,,,,,,,,,,,,
image,ec22,"Image Protection de locaux contre des oiseaux, de rongeurs, d’insectes et d’autres animaux",,Prendre une image claire et dans un bon angle,yes,,,,,,,,,max-pixels=1024,,,,,,
select_one mineur,ec23,Les locaux de stockage des produits pharmaceutiques sont-ils exempts de poubelles ?,mi,"BPD/RDC 3.12,  OMS 4.2",yes,,,,,,,,,,,,,,,
text,ec24,Commentaire : Stockage ,,,yes,,,,,,,,,,,,,,,
end group,,,,,,,,,,,,,,,,,,,,
calculate,ec_score,,,,,,,,,,${ec1}+${ec2}+${ec3}+${ec4}+${ec5}+${ec6}+${ec8}+${ec9}+${ec10}+${ec12}+${ec13}+${ec14}+${ec16}+${ec17}+${ec18}+${ec19}+${ec20}+${ec21}+${ec23},,,,,,,,,
calculate,ec_mineur,,,,,,,,,,"if(${ec8}='0', 1, 0) +if(${ec10}='0', 1, 0)+if(${ec23}='0', 1, 0)",,,,,,,,,
calculate,ec_majeur,,,,,,,,,,"if(${ec1}='0', 1, 0) +if(${ec2}='0', 1, 0) +if(${ec3}='0', 1, 0)+if(${ec4}='0', 1, 0) +if(${ec5}='0', 1, 0) +if(${ec6}='0', 1, 0)+if(${ec9}='0', 1, 0) +if(${ec12}='0', 1, 0) +if(${ec13}='0', 1, 0)+if(${ec14}='0', 1, 0) +if(${ec16}='0', 1, 0) +if(${ec17}='0', 1, 0)+if(${ec20}='0', 1, 0) +if(${ec21}='0', 1, 0) ",,,,,,,,,
calculate,ec_critique,,,,,,,,,,"if(${ec18}='0', 1, 0) +if(${ec19}='0', 1, 0)",,,,,,,,,
begin group,ed,Conservation au froid,,,,,,,,,,,,,,,,,,
select_one majeur_na,ed1,Disposez-vous d’une procédure de conservation au froid des produits thermolabiles?,ma,"BPD/RDC 7.02,  OMS 18.01",yes,,,,,,,,,,,,,,,
select_one majeur,ed2,"Disposez-vous d’un  réfrigérateur fonctionnel pour le stockage des produits  thermolabiles ? (Si oui, nombre)Est- il propre à l’intérieur (absence de givre, d'eau et aliments ) ?",ma,"BPD/RDC 4.07,  OMS 12.36",yes,${ed1}!='na',,,,,,,,,,,,,,
select_one majeur,ed3,Un thermomètre fonctionnel  dans le refrigerateur est-il présent pour le contrôle de la température ?,ma,"BPD/RDC 3.18, 7.13,  OMS 12.37",yes,${ed1}!='na',,,,,,,,,,,,,,
image,ed4,image thermomètre fonctionnel,,Prendre une image claire et dans un bon angle,yes,${ed1}!='na',,,,,,,,max-pixels=1024,,,,,,
select_one majeur,ed5,Le thermomètre utilisé pour la surveillance a-t-il été étalonné et est-il adapté à l’usage auquel il est destiné ?,ma,"BPD/RDC 3.18,  OMS 12.37",yes,${ed1}!='na',,,,,,,,,,,,,,
image,ed6,Image ( thermomètre utilisé pour la surveillance a-t-il été étalonné),,Prendre une image claire et dans un bon angle,yes,${ed1}!='na',,,,,,,,max-pixels=1024,,,,,,
select_one majeur,ed7,Les relevés de température et les incidents sont-ils enregistrés et à jour ?,ma,"BPD/RDC 3.16, 7.13,  OMS 12.37",yes,${ed1}!='na',,,,,,,,,,,,,,
text,ed8,Commentaire :  Conservation au froid,,,yes,,,,,,,,,,,,,,,
end group,,,,,,,,,,,,,,,,,,,,
calculate,ed_score,,,,,,,,,,"if(${ed1}='10',10, 0)+if(${ed2}='10',10, 0)+if(${ed3}='10',10, 0)+if(${ed5}='10',10, 0)+if(${ed7}='10',10, 0)",,,,,,,,,
calculate,ed_possible,,,,,,,,,,"if(${ed1}='na', 0, 10)+if(${ed2}!='', 10, 0)+if(${ed3}!='', 10, 0)+if(${ed5}!='', 10, 0)+if(${ed7}!='', 10, 0)",,,,,,,,,
calculate,ed_majeur,,,,,,,,,,"if(${ed1}='0', 1, 0)+if(${ed2}='0', 1, 0)+if(${ed3}='0', 1, 0)+if(${ed5}='0', 1, 0)+if(${ed7}='0', 1, 0)",,,,,,,,,
begin group,ef,Nettoyage et entretien,,,,,,,,,,,,,,,,,,
select_one majeur ,ef1,Disposez-vous d’une procédure de nettoyage ?,ma,"BPD/RDC 7.02,  OMS 12.25",yes,,,,,,,,,,,,,,,
select_one mineur,ef2,Existe-t-il un programme écrit de désinfection des locaux ?,mi,"BPD/RDC 3.12,  OMS 12.24",yes,,,,,,,,,,,,,,,
select_one mineur,ef3,Existe-t-il un planning de nettoyage précisant les horaires ainsi que le nom de la personne chargée de chaque tâche ?,mi,"BPD/RDC 3.12,  OMS 12.24",yes,,,,,,,,,,,,,,,
select_one majeur,ef4,Les matériels d’entretien sont-ils disponibles et entreposés en dehors des locaux de stockage des produits pharmaceutiques ?,ma,"BPD/RDC 3.12,  OMS 12.17",yes,,,,,,,,,,,,,,,
select_one majeur,ef5,Existe-t-il une procédure écrite et appliquée pour l’élimination des déchets ?,ma,"BPD/RDC 7.02,  OMS 18.12",yes,,,,,,,,,,,,,,,
text,ef6,Commentaire : Nettoyage et entretien,,,yes,,,,,,,,,,,,,,,
end group,,,,,,,,,,,,,,,,,,,,
calculate,ef_score,,,,,,,,,,${ef1}+${ef2}+${ef3}+${ef4}+${ef5},,,,,,,,,
calculate,ef_mineur,,,,,,,,,,"if(${ef2}='0', 1, 0) +if(${ef3}='0', 1, 0)",,,,,,,,,
calculate,ef_majeur,,,,,,,,,,"if(${ef1}='0', 1, 0) +if(${ef4}='0', 1, 0) +if(${ef5}='0', 1, 0)",,,,,,,,,
begin group,eg,"Lumière, humidité et température",,,,,,,,,,,,,,,,,,
select_one majeur,eg1,"Les locaux sont-ils équipés d’un nombre suffisant de systèmes de climatisation (splits) et de plafonniers, fonctionnels?",ma,"BPD/RDC 3.21,  OMS 12.02",yes,,,,,,,,,,,,,,,
select_one mineur,eg2,Chaque local d'entreposage  dispose-t-il d’un éclairage suffisant?,mi,"BPD/RDC 3.11, 3.21,  OMS 12.02",yes,,,,,,,,,,,,,,,
select_one majeur,eg3,Chaque local d'entreposage  dispose-t-il d’un hygromètre fonctionnel ?,ma,"BPD/RDC 3.18, 3.21,  OMS 12.36",yes,,,,,,,,,,,,,,,
image,eg4,Image (Chaque local d'entreposage  dispose-t-il d’un hygromètre fonctionnel),,Prendre une image claire et dans un bon angle,yes,,,,,,,,,max-pixels=1024,,,,,,
select_one majeur,eg5,Chaque local d'entreposage  dispose-t-il d’un thermomètre  fonctionnel ?,ma,"BPD/RDC 3.18, 7.13,  OMS 12.36",yes,,,,,,,,,,,,,,,
image,eg6,image (Chaque local d'entreposage  dispose-t-il d’un thermomètre  fonctionnel),,Prendre une image claire et dans un bon angle,yes,,,,,,,,,max-pixels=1024,,,,,,
select_one mineur,eg7,Les thermometre et hygromètres sont-ils placés aux emplacements appropriés ?,mi,"BPD/RDC 3.16,  OMS 14.01",yes,,,,,,,,,,,,,,,
select_one mineur,eg8,Les thermometre et hygromètres sont-ils etalonnés ?,mi,"BPD/RDC 3.18,  OMS 15.03",yes,,,,,,,,,,,,,,,
select_one mineur,eg9,"Des études de cartographie de la température et, le cas échéant, de l’humidité relative sont-elles réalisées dans les réfrigérateurs  les congélateurs  et la salle de stockage ?",mi,"BPD/RDC  7.13,  OMS 12.36",yes,,,,,,,,,,,,,,,
select_one majeur,eg10,Existe-t-il une procédure relative à la cartographie et à l’enregistrement des températures ?,ma,"BPD/RDC  7.12,  OMS 18.01",yes,,,,,,,,,,,,,,,
text,eg11,"Commentaire : Lumière, humidité et température",,,yes,,,,,,,,,,,,,,,
end group,,,,,,,,,,,,,,,,,,,,
calculate,eg_score,,,,,,,,,,${eg1}+${eg2}+${eg3}+${eg5}+${eg7}+${eg8}+${eg9}+${eg10},,,,,,,,,
calculate,eg_mineur,,,,,,,,,,"if(${eg2}='0', 1, 0) +if(${eg7}='0', 1, 0)+if(${eg8}='0', 1, 0) +if(${eg9}='0', 1, 0)",,,,,,,,,
calculate,eg_majeur,,,,,,,,,,"if(${eg1}='0', 1, 0) +if(${eg3}='0', 1, 0) +if(${eg5}='0', 1, 0)+if(${eg10}='0', 1, 0)",,,,,,,,,
begin group,eh,Mesure de sécurité,,,,,,,,,,,,,,,,,,
select_one majeur,eh1,Existe-t-il une procédure de sécurité  ?,ma,"BPD/RDC 7.02,  OMS 16.06",yes,,,,,,,,,,,,,,,
select_one majeur,eh2,Existe-il la une procédure écrite de lutte contre l’incendie ?,ma,"BPD/RDC 2.23,  OMS 16.11",yes,,,,,,,,,,,,,,,
select_one majeur,eh3,Tous les extincteurs sont-ils disponible et entretenus de manière appropriée ?,ma,"BPD/RDC 7.02,  OMS 12.33",yes,,,,,,,,,,,,,,,
select_one majeur,eh4,Existe-t-il un système d’alarme fonctionnel en cas d’incendie ou de danger ?,ma,"BPD/RDC 1.09, 3.18,  OMS 14.01",yes,,,,,,,,,,,,,,,
select_one mineur,eh5,Existe-t-il des caméras de surveillance fonctionnelles dans les locaux ?,mi,"BPD/RDC 3.19,  OMS 14.01",yes,,,,,,,,,,,,,,,
image,eh6,image caméras de surveillance fonctionnelles dans les locaux ?,,Prendre une image claire et dans un bon angle,yes,,,,,,,,,max-pixels=1024,,,,,,
select_one majeur,eh7,Existe-t-il un dispositif empêchant l’accès aux médicaments à toute personne non autorisée ?,ma,"BPD/RDC 3.19,  OMS 14.01",yes,,,,,,,,,,,,,,,
text,eh8,Commentaire : Mesure de sécurité,,,yes,,,,,,,,,,,,,,,
end group,,,,,,,,,,,,,,,,,,,,
calculate,eh_score,,,,,,,,,,${eh1}+${eh2}+${eh3}+${eh4}+${eh5}+${eh7},,,,,,,,,
calculate,eh_mineur,,,,,,,,,,"if(${eh5}='0', 1, 0) ",,,,,,,,,
calculate,eh_majeur,,,,,,,,,,"if(${eh1}='0', 1, 0) +if(${eh2}='0', 1, 0) +if(${eh3}='0', 1, 0)+if(${eh4}='0', 1, 0)+if(${eh7}='0', 1, 0)",,,,,,,,,
begin group,ei,Gestion des opération d’enregistrement des entrées des produits,,,,,,,,,,,,,,,,,,
select_one majeur,ei1, Le nombre de kits informatiques est-il suffisant ?,ma,"BPD/RDC 3.37,  OMS 14.01",yes,,,,,,,,,,,,,,,
select_one majeur,ei2,Le système informatique est-il validé ?,ma,"BPD/RDC 3.37,  OMS 14.02",yes,,,,,,,,,,,,,,,
select_one majeur,ei3,Existe-t-il une traçabilité fiable des entrées et sorties dans le logiciel ?,ma,"BPD/RDC 7.02,  OMS 13.01",yes,,,,,,,,,,,,,,,
select_one majeur,ei4,Existe-t-il une procédure mise en place pour garantir la traçabilité et la confiance dans la chaîne d’approvisionnement ainsi que pour les produits concernés ?,ma,"BPD/RDC 7.02,  OMS 14.03",yes,,,,,,,,,,,,,,,
select_one majeur,ei5,Le logiciel utilisé intègre-t-il le paramètre « date d’expiration » ?,ma,"BPD/RDC 7.02,  OMS 14.03",yes,,,,,,,,,,,,,,,
select_one majeur,ei6,Le logiciel utilisé intègre-t-il le paramètre « Fournisseur » ?,ma,"BPD/RDC 7.02,  OMS 14.03",yes,,,,,,,,,,,,,,,
select_one majeur,ei7,Le logiciel utilisé intègre-t-il le paramètre « Nom du client» ?,ma,"BPD/RDC 7.02,  OMS 14.03",yes,,,,,,,,,,,,,,,
select_one majeur,ei8,Le logiciel utilisé intègre-t-il le paramètre « numéro de lot » ?,ma,"BPD/RDC 7.02,  OMS 14.03",yes,,,,,,,,,,,,,,,
text,ei9,Commentaire : Gestion des opération d’enregistrement des entrées des produits,,,yes,,,,,,,,,,,,,,,
end group,,,,,,,,,,,,,,,,,,,,
calculate,ei_score,,,,,,,,,,${ei1}+${ei2}+${ei3}+${ei4}+${ei5}+${ei6}+${ei7}+${ei8},,,,,,,,,
calculate,ei_majeur,,,,,,,,,,"if(${ei1}='0', 1, 0) +if(${ei2}='0', 1, 0) +if(${ei3}='0', 1, 0)+if(${ei4}='0', 1, 0)+if(${ei5}='0', 1, 0) +if(${ei6}='0', 1, 0)+if(${ei7}='0', 1, 0)+if(${ei8}='0', 1, 0)",,,,,,,,,
begin group,ej,Gestion des Psychotropes et stupéfiants et précurseurs chimiques,,,,,,,,,,,,,,,,,,
select_one majeur_na,ej1,Existe-t-il une liste à jour de tous les fournisseurs ?,ma,"BPD/RDC 7.01,  OMS 18.05",yes,,,,,,,,,,,,,,,
select_one critique,ej2,Existe-t-il un local dédié aux stupéfiants et psychotropes ou une armoire sécurisée à poisons fermé à clé?,c,"BPD/RDC 6.05,  OMS 18.08",yes,,,,,,,,,,,,,,,
select_one majeur,ej3,Existe-t-il une procédure de gestion des psychotropes et stupéfiants ?,ma,"BPD/RDC 7.02,  OMS 18,01",yes,,,,,,,,,,,,,,,
select_one majeur,ej4,Existe-t-il un registre de comptabilité des psychotropes et stupéfiants ?,ma,"BPD/RDC 4.01,  OMS 13.01",yes,,,,,,,,,,,,,,,
select_one majeur,ej5,  Le registre est-il correctement rempli et tenu à jour ?,ma,"BPD/RDC 4.01,  OMS 13.01",yes,,,,,,,,,,,,,,,
select_one majeur,ej6,Existe-t-il un carnet de bons de commande pour les psychotropes et stupéfiants ?,ma,"BPD/RDC 4.01,  OMS 13.01",yes,,,,,,,,,,,,,,,
select_one majeur,ej7,Les psychotropes et stupéfiants sont-ils absents des rayons de stockage général ?,ma,"BPD/RDC 4.12,  OMS 18.08",yes,,,,,,,,,,,,,,,
text,ej8,Commentaire : Gestion des Psychotropes et stupéfiants et précurseurs chimiques,,,yes,,,,,,,,,,,,,,,
end group,,,,,,,,,,,,,,,,,,,,
calculate,ej_score,,,,,,,,,,"if(${ej1}='10',10, 0)+${ej2}+${ej3}+${ej4}+${ej5}+${ej6}+${ej7}",,,,,,,,,
calculate,ej_possible,,,,,,,,,,"if(${ej1}='na', 0, 10)+65",,,,,,,,,
calculate,ej_critique,,,,,,,,,,"if(${ej2}='0', 1, 0) ",,,,,,,,,
calculate,ej_majeur,,,,,,,,,,"if(${ej1}='0', 1, 0) +if(${ej3}='0', 1, 0) +if(${ej4}='0', 1, 0)+if(${ej5}='0', 1, 0)+if(${ej6}='0', 1, 0)+if(${ej7}='0', 1, 0)",,,,,,,,,
end group,,,,,,,,,,,,,,,,,,,,
calculate,e_score,,,,,,,,,,${ea_score}+${eb_score}+${ec_score}+${ed_score}+${ef_score}+${eg_score}+${eh_score}+${ei_score}+${ej_score},,,,,,,,,
calculate,e_possible,,,,,,,,,,${ea_possible}+${ed_possible}+545,,,,,,,,,
calculate,e_pourcentage,,,,,,,,,,"if(${e_possible} > 0, round((${e_score} div ${e_possible}) * 100, 2), 0)",,,,,,,,,
calculate,e_ponderation,,,,,,,,,,((${e_pourcentage} *0.20)),,,,,,,,,
calculate,e_critique,,,,,,,,,,${ec_critique}+${ej_critique},,,,,,,,,
calculate,e_majeur,,,,,,,,,,${ea_majeur}+${eb_majeur}+${ec_majeur}+${ed_majeur}+${ef_majeur}+${eg_majeur}+${eh_majeur}+${ei_majeur}+${ej_majeur},,,,,,,,,
calculate,e_mineur ,,,,,,,,,,${ea_mineur}+${eb_mineur}+${ec_mineur}+${ef_mineur}+${eg_mineur}+${eh_mineur},,,,,,,,,
calculate,e_taux_mineur,,,,,,,,,,((${e_mineur} div 13 *100)),,,,,,,,,
calculate,e_taux_majeur,,,,,,,,,,((${e_majeur} div 60 *100)),,,,,,,,,
calculate,e_taux_critique,,,,,,,,,,((${e_critique} div 3 *100)),,,,,,,,,
begin group,f,6. LIVRAISON AUX CLIENTS ET TRANSPORT,,,,,,,,,,,,,,,,,,
begin group,fa,Tracabilité/Expedition,,,,,,,,,,,,,,,,,,
select_one majeur,fa1,Existe-t-il une procédure  de livraison et d’envoi des produits ?,MA,"BPD/RDC 5.04,  OMS 18.31",yes,,,,,,,,,,,,,,,
select_one majeur,fa2,"Les produits médicaux sont-ils vendus et/ou distribués uniquement à des pharmacies autorisées à les acquérir, conformément à la législation nationale ?",MA,"BPD/RDC 4.17,  OMS 18.32",yes,,,,,,,,,,,,,,,
select_one mineur_na,fa3,"Disposez-vous de véhicules adaptés, suffisamment spacieux et équipés de manière appropriée pour assurer la protection des produits médicaux pendant le transport ?",MI,"BPD/RDC 5.01,  OMS 18.18",yes,,,,,,,,,,,,,,,
select_one mineur_na,fa4,Les véhicules utilisés pour le transport des produits médicaux sont-ils conformes  aux normes de  transport des produits de santé?,MI,"BPD/RDC 5.10,  OMS 18.24",yes,,,,,,,,,,,,,,,
select_one majeur,fa5,Existe-t-il une procédure de transport des produits médicaux?,MA,"BPD/RDC 5.04, 5.09,  OMS 18.22",yes,,,,,,,,,,,,,,,
select_one critique_na,fa6,"Existe-t-il des dispositions spécifiques pour le transport des produits thermolabile(camions frigorifiques boites isothermes ,accumulateurs) ?",C,"BPD/RDC 5.09,  OMS 18.18",yes,,,,,,,,,,,,,,,
select_one critique_na,fa7,Existe-t-il des dispositions spécifiques pour le transport des stupéfiants et des psychotropes,C,"BPD/RDC 5.07,  OMS 18.21",yes,,,,,,,,,,,,,,,
text,fa8,Commentaire : LIVRAISON AUX CLIENTS ET TRANSPORT,,,yes,,,,,,,,,,,,,,,
end group,,,,,,,,,,,,,,,,,,,,
calculate,f_score,,,,,,,,,,"${fa1}+${fa2}+if(${fa3}='5',5, 0)+if(${fa4}='5',5, 0)+${fa5}+if(${fa6}='15',15, 0)+if(${fa7}='15',15, 0)",,,,,,,,,
calculate,f_possible,,,,,,,,,,"if(${fa3}='na', 0, 5)+if(${fa4}='na', 0, 5)+if(${fa6}='na', 0, 15)+if(${fa7}='na', 0, 15)+30",,,,,,,,,
end group,,,,,,,,,,,,,,,,,,,,
calculate,f_pourcentage,,,,,,,,,,"if(${f_possible} > 0, round((${f_score} div ${f_possible}) * 100, 2), 0)",,,,,,,,,
calculate,f_ponderation,,,,,,,,,,((${f_pourcentage} *0.07)),,,,,,,,,
calculate,f_critique,,,,,,,,,,"if(${fa6}='0', 1, 0) +if(${fa7}='0', 1, 0) ",,,,,,,,,
calculate,f_majeur,,,,,,,,,,"if(${fa1}='0', 1, 0) +if(${fa2}='0', 1, 0) +if(${fa5}='0', 1, 0)",,,,,,,,,
calculate,f_mineur ,,,,,,,,,,"if(${fa3}='0', 1, 0) +if(${fa4}='0', 1, 0) ",,,,,,,,,
calculate,f_taux_mineur,,,,,,,,,,((${f_mineur} div 2 *100)),,,,,,,,,
calculate,f_taux_majeur,,,,,,,,,,((${f_majeur} div 3 *100)),,,,,,,,,
calculate,f_taux_critique,,,,,,,,,,((${f_critique} div 2 *100)),,,,,,,,,
begin group,g,7.     RETOUR AUX EXPEDITEURS,,,,,,,,,,,,,,,,,,
begin group,ga,Retour et Rappel de lot,,,,,,,,,,,,,,,,,,
select_one majeur,ga1,Existe-t-il une procédure de retour des produits de santé?,ma,"BPD/RDC 6.14,  OMS 9.01",yes,,,,,,,,,,,,,,,
select_one majeur_na,ga2,Les produits médicaux retournés font-ils systématiquement l’objet d’une mise en quarantaine immédiate dès leur réception ?,ma,"BPD/RDC 6.14,  OMS 9.02",yes,,,,,,,,,,,,,,,
select_one majeur,ga3,Existe-t-il un rapport documenté relatif aux retours de produits  de santé effectués?,ma,"BPD/RDC 6.01,  OMS 9.07",yes,${ga2} != 'na',,,,,,,,,,,,,,
select_one majeur,ga4,Existe-t-il une procédure de rappel efficace et rapide  des produits de santé?,ma,"BPD/RDC 6.14,  OMS 10.01",yes,${ga2} != 'na',,,,,,,,,,,,,,
select_one mineur,ga5,"Les registres des produits médicaux retournés, refusés, rappelés  et détruits sont-ils tenus et conservés pendant une durée définie ?",mi,"BPD/RDC 6.22,  OMS 9.08",yes,${ga2} != 'na',,,,,,,,,,,,,,
select_one majeur_na,ga6,Existe-t-il un rapport documenté relatif au rappel de lot  de produits de santé  effectués?,ma,"BPD/RDC 6.20,  OMS 10.08",yes,${ga2} != 'na',,,,,,,,,,,,,,
select_one majeur_na,ga7,Les produits retournés et  rappelés sont-ils stockés de manière séparée et sécurisée ?,ma,"BPD/RDC 6.01;6.19,  OMS 10.05",yes,${ga2} != 'na',,,,,,,,,,,,,,
text,ga8,Commentaire : Retour et Rappel de lot,,,yes,,,,,,,,,,,,,,,
end group,,,,,,,,,,,,,,,,,,,,
calculate,ga_score,,,,,,,,,,"${ga1}+if(${ga2}='10',10, 0)+${ga3}+${ga4}+${ga5}+if(${ga6}='10',10, 0)+if(${ga7}='10',10, 0)",,,,,,,,,
calculate,ga_possible,,,,,,,,,,"10+if(${ga2}='na', 0, 10)+if(${ga3}!='', 10, 0)+if(${ga4}!='', 10, 0)+if(${ga5}!='', 5, 0)+if(${ga6}!='' and ${ga6}!='na', 10, 0)+if(${ga7}!='' and ${ga7}!='na', 10, 0)",,,,,,,,,
calculate,ga_majeur,,,,,,,,,,"if(${ga1}='0', 1, 0)+if(${ga2}='0', 1, 0)+if(${ga3}='0', 1, 0)+if(${ga4}='0', 1, 0)+if(${ga6}='0', 1, 0)+if(${ga7}='0', 1, 0)",,,,,,,,,
calculate,ga_mineur,,,,,,,,,,"if(${ga5}='0', 1, 0)",,,,,,,,,
begin group,gb,Gestion des plaintes/Reclamations,,,,,,,,,,,,,,,,,,
select_one majeur,gb1,Existe-t-il une procédure de traitement des plaintes ?,ma,"BPD/RDC 6.09,  OMS 8.01",yes,,,,,,,,,,,,,,,
select_one majeur_na,gb2,"Les réclamations font-elles l’objet d’un enregistrement, d’une enquête documentée, d’une analyse de la cause profonde et d’une évaluation de leurs impacts ?",ma,"BPD/RDC 6.10,  OMS 8.02",yes,,,,,,,,,,,,,,,
select_one majeur_na,gb3,Des CAPA appropriées sont-elles mises en place et leur efficacité évaluée ?,ma,"BPD/RDC 6.13,  OMS 8.02",yes,${gb2} != 'na',,,,,,,,,,,,,,
select_one majeur_na,gb4,"Les informations pertinentes, notamment les résultats de l’enquête, sont-elles partagées avec les entités concernées ?",ma,"BPD/RDC 6.09,  OMS 8.05",yes,${gb2} != 'na',,,,,,,,,,,,,,
select_one mineur,gb5,"Au cas ou le retour,rappel et reclamations n'ont pas eu lieu, existe-t-il un rapport de simulation",mi,,,${gb2} != 'na',,,,,,,,,,,,,,
text,gb6,Commentaire : Gestion des plaintes/Reclamations,,,yes,,,,,,,,,,,,,,,
end group,,,,,,,,,,,,,,,,,,,,
calculate,gb_score,,,,,,,,,,"${gb1}+if(${gb2}='10',10, 0)+if(${gb3}='10',10, 0)+if(${gb4}='10',10, 0)+if(${gb5}='5',5, 0)",,,,,,,,,
calculate,gb_possible,,,,,,,,,,"10+if(${gb2}='na', 0, 10)+if(${gb3}!='' and ${gb3}!='na', 10, 0)+if(${gb4}!='' and ${gb4}!='na', 10, 0)+if(${gb5}!='' and ${gb5}!='na', 5, 0)",,,,,,,,,
calculate,gb_majeur,,,,,,,,,,"if(${gb1}='0', 1, 0)+if(${gb2}='0', 1, 0)+if(${gb3}='0', 1, 0)+if(${gb4}='0', 1, 0)",,,,,,,,,
calculate,gb_mineur,,,,,,,,,,"if(${gb5}='0', 1, 0)",,,,,,,,,
end group,,,,,,,,,,,,,,,,,,,,
calculate,g_score,,,,,,,,,,${ga_score}+${gb_score},,,,,,,,,
calculate,g_possible,,,,,,,,,,${ga_possible}+${gb_possible},,,,,,,,,
calculate,g_pourcentage,,,,,,,,,,"if(${g_possible} > 0, round((${g_score} div ${g_possible}) * 100, 2), 0)",,,,,,,,,
calculate,g_ponderation,,,,,,,,,,((${g_pourcentage} *0.07)),,,,,,,,,
calculate,g_majeur,,,,,,,,,,${ga_majeur}+${gb_majeur},,,,,,,,,
calculate,g_mineur ,,,,,,,,,,${ga_mineur}+${gb_mineur},,,,,,,,,
calculate,g_taux_mineur,,,,,,,,,,((${g_mineur} div 2 *100)),,,,,,,,,
calculate,g_taux_majeur,,,,,,,,,,((${g_majeur} div 10 *100)),,,,,,,,,
begin group,h,8.        AUTO-INSPECTION,,,,,,,,,,,,,,,,,,
begin group,ha,Auto-Evaluation,,",  ",,,,,,,,,,,,,,,,
select_one majeur,ha1,Existe-t-il une procédure d’auto-inspection ?,ma,"BPD/RDC 8.04,  OMS 11.01",yes,,,,,,,,,,,,,,,
select_one majeur,ha2,Existe-t-il un programme ou un calendrier d’auto-inspection ?,ma,"BPD/RDC 8.03,  OMS 11.02",yes,,,,,,,,,,,,,,,
select_one majeur,ha3,"L’équipe d’auto evaluation est-elle désignée, impartiale et compétente ?",ma,"BPD/RDC 8.04,  OMS 11.03",yes,,,,,,,,,,,,,,,
select_one majeur,ha4,Les rapports d’ auto évaluation  contiennent-ils l’ensemble des observations formulées  et sont-ils transmis à la direction ainsi qu’aux personnels concernés ?,ma,"BPD/RDC 8.05;8.06,  OMS 11.04",yes,,,,,,,,,,,,,,,
text,ha5,Commentaire : Auto-Evaluation,,,yes,,,,,,,,,,,,,,,
end group,,,,,,,,,,,,,,,,,,,,
calculate,ha_score,,,,,,,,,,${ha1}+${ha2}+${ha3}+${ha4},,,,,,,,,
end group,,,,,,,,,,,,,,,,,,,,
calculate,h_pourcentage,,,,,,,,,,((${ha_score} div 40 *100)),,,,,,,,,
calculate,h_ponderation,,,,,,,,,,((${h_pourcentage} *0.07)),,,,,,,,,
calculate,h_majeur,,,,,,,,,,"if(${ha1}='0', 1, 0) +if(${ha2}='0', 1, 0) +if(${ha3}='0', 1, 0)+if(${ha4}='0', 1, 0)",,,,,,,,,
calculate,h_taux_majeur,,,,,,,,,,((${h_majeur} div 4 *100)),,,,,,,,,
begin group,i,9.        AUTRES POINTS SPECIFIQUES,,,,,,,,,,,,,,,,,,
begin group,ia,Reconditionnement et réétiquetage,,,,,,,,,,,,,,,,,,
select_one majeur,ia1,Existe-t-il une procedure de gestion  des produits  falsifiés et de qualité inférieure ?,ma,"BPD/RDC 6.06,  OMS 18.11",yes,,,,,,,,,,,,,,,
select_one majeur_na,ia2,Avez-vous informé  l' Autorité de reglementation  ainsi que le titulaire de l'AMM des cas de produits falsifiés ou de qualité inférieure (PFQI) au sein de l’établissement ?,ma,"BPD/RDC 6.06,  OMS 18.11",yes,,,,,,,,,,,,,,,
select_one majeur,ia3,"Les produits concernés font-ils l’objet d’un stockage dans une zone dédiée et sécurisée, avec un étiquetage clair permettant d’empêcher toute distribution ou vente ultérieure ?",ma,"BPD/RDC 6.07, OMS 20.03",,,,,,,,,,,,,,,,
select_one majeur,ia4,Les investigations et les actions d’élimination sont-elles documentées pour empêcher toute remise en circulation des produits ?,ma,"BPD/RDC 6.06,  OMS 18.12",yes,,,,,,,,,,,,,,,
text,ia5,Commentaire : Reconditionnement et réétiquetage,,,yes,,,,,,,,,,,,,,,
end group,,,,,,,,,,,,,,,,,,,,
calculate,i_score,,,,,,,,,,"${ia1}+if(${ia2}='10',10, 0)+${ia3}+${ia4}",,,,,,,,,
end group,,,,,,,,,,,,,,,,,,,,
calculate,i_possible,,,,,,,,,,"if(${ia2}='na', 0, 10)+30",,,,,,,,,
calculate,i_pourcentage,,,,,,,,,,"if(${i_possible} > 0, round((${i_score} div ${i_possible}) * 100, 2), 0)",,,,,,,,,
calculate,i_ponderation,,,,,,,,,,((${i_pourcentage} *0.07)),,,,,,,,,
calculate,i_majeur,,,,,,,,,,"if(${ia1}='0', 1, 0) +if(${ia2}='0', 1, 0) +if(${ia3}='0', 1, 0)+if(${ia4}='0', 1, 0)",,,,,,,,,
calculate,i_taux_majeur,,,,,,,,,,((${i_majeur} div 4 *100)),,,,,,,,,
calculate,total,,,,,,,,,,${a_ponderation}+${b_ponderation}+${c_ponderation}+${d_ponderation}+${e_ponderation}+${f_ponderation}+${g_ponderation}+${h_ponderation}+${i_ponderation},,,,,,,,,
calculate,total_remarque,,,,,,,,,,${d_remarque},,,,,,,,,
calculate,total_mineur,,,,,,,,,,${g_mineur}+${f_mineur}+${e_mineur}+${d_mineur}+${c_mineur},,,,,,,,,
calculate,total_majeur,,,,,,,,,,${a_majeur}+${b_majeur}+${c_majeur}+${d_majeur}+${e_majeur}+${f_majeur}+${g_majeur}+${h_majeur}+${i_majeur},,,,,,,,,
calculate,total_critique,,,,,,,,,,${a_critique}+${c_critique}+${d_critique}+${e_critique}+${f_critique},,,,,,,,,
calculate,total_taux_remarque,,,,,,,,,,((${total_remarque} div 3 *100)),,,,,,,,,
calculate,total_taux_mineur,,,,,,,,,,((${total_mineur} div 24 *100)),,,,,,,,,
calculate,total_taux_majeur,,,,,,,,,,((${total_majeur} div 126 *100)),,,,,,,,,
calculate,total_taux_critique,,,,,,,,,,((${total_critique} div 15 *100)),,,,,,,,,
